company_id,date,tangible_fixed_assets,intangible_fixed_assets,investments_and_other_assets,total_fixed_assets,cash_deposit,fiscal_adjustment_fund,total_current_assets,total_assets,total_fixed_liabilities,total_current_liabilities,total_debt,total_net_assets,total_liabilities_and_net_assets
1000001,202112,16297097,4249737,16467591,37014425,20834568,11594526,32429094,69443519,8508302,11210678,19718980,49724539,69443519
1000001,202212,13628920,4340479,15727667,33697066,21715136,15748194,37463330,71160396,7485586,13293353,20778939,50381457,71160396
1000001,202312,22191592,4415540,11646555,38253687,22019354,14482871,36502225,74755912,9886766,16270219,26156985,48598927,74755912
1000001,202412,19987646,4570854,16862897,41421397,22090490,14206735,36297225,77718622,10411662,13442576,23854238,53864384,77718622
1000001,202512,19859314,4603949,14606109,39069372,26183138,14807310,40990448,80059820,11573249,15670438,27243687,52816133,80059820
1000002,202112,8831669,2783915,9454842,21070426,15611823,12664734,28276557,49346983,8709971,24655775,33365746,15981237,49346983
1000002,202212,10713137,1227978,8622669,20563784,18689547,12286003,30975550,51539334,9988350,24747406,34735756,16803578,51539334
1000002,202312,11759148,1907103,11267215,24933466,17809796,10685660,28495456,53428922,10945895,25248693,36194588,17234334,53428922
1000002,202412,11242139,1683890,12094072,25020101,22075985,9613936,31689921,56710022,9613295,28242762,37856057,18853965,56710022
1000002,202512,13682177,1921236,9824603,25428016,19065211,15326978,34392189,59820205,10137602,29612173,39749775,20070430,59820205
1000003,202112,25815900,6825379,22186375,54827654,18758109,13331085,32089194,86916848,14106906,32116174,46223080,40693768,86916848
1000003,202212,30245920,6416718,34320679,70983317,14173473,11450175,25623648,96606965,15938053,35004629,50942682,45664283,96606965
1000003,202312,33441411,6099866,28708258,68249535,24745030,13752106,38497136,106746671,15809179,39450161,55259340,51487331,106746671
1000003,202412,37921203,11932103,31264629,81117935,23766459,14069029,37835488,118953423,19013135,45503501,64516636,54436787,118953423
1000003,202512,42295975,9916067,44628181,96840223,21733498,10092610,31826108,128666331,19556199,49125969,68682168,59984163,128666331
1000004,202112,9249664,809478,6542760,16601902,13250246,10702098,23952344,40554246,5987042,17392328,23379370,17174876,40554246
1000004,202212,10393568,917649,7251278,18562495,15965257,9681012,25646269,44208764,6328049,19328904,25656953,18551811,44208764
1000004,202312,9999250,2029986,9150827,21180063,16199578,12041425,28241003,49421066,7002861,21247232,28250093,21170973,49421066
1000004,202412,10118365,3123472,9212317,22454154,20701990,11032789,31734779,54188933,7758382,22921251,30679633,23509300,54188933
1000004,202512,10631501,3080545,12686761,26398807,20066204,14460201,34526405,60925212,8887707,25957288,34844995,26080217,60925212
1000005,202112,15547993,2414705,19637720,37600418,7171328,6745333,13916661,51517079,7611546,14297053,21908599,29608480,51517079
1000005,202212,18696108,2707075,12381759,33784942,12065510,7783442,19848952,53633894,7705493,14600722,22306215,31327679,53633894
1000005,202312,21875587,5317444,12867167,40060198,9704700,5611306,15316006,55376204,7470657,16047574,23518231,31857973,55376204
1000005,202412,16569076,5488259,13447764,35505099,12959953,8079855,21039808,56544907,8276081,16175743,24451824,32093083,56544907
1000005,202512,22059622,4001445,14572488,40633555,10422201,6873093,17295294,57928849,8051003,16553086,24604089,33324760,57928849
1000006,202112,17278573,3684143,9903280,30865996,6938292,6176580,13114872,43980868,7255993,19091529,26347522,17633346,43980868
1000006,202212,19958747,1724083,11814795,33497625,9213056,4179855,13392911,46890536,8863457,18584429,27447886,19442650,46890536
1000006,202312,15942359,4239638,10444168,30626165,12697511,6215291,18912802,49538967,8210789,21291781,29502570,20036397,49538967
1000006,202412,17763081,3087731,13479378,34330190,11409706,7855633,19265339,53595529,9663450,22506102,32169552,21425977,53595529
1000006,202512,20549818,2052693,12005824,34608335,13174034,8738154,21912188,56520523,9967476,24420696,34388172,22132351,56520523
1000007,202112,7053803,1360115,4513329,12927247,11380444,7765280,19145724,32072971,8817981,10377694,19195675,12877296,32072971
1000007,202212,5996024,2632828,6190815,14819667,11274988,8062483,19337471,34157138,10064301,9469239,19533540,14623598,34157138
1000007,202312,7435622,1720638,7061153,16217413,11204987,7929348,19134335,35351748,10827481,10401489,21228970,14122778,35351748
1000007,202412,8108236,999332,8959368,18066936,13502854,5827734,19330588,37397524,10133796,12066481,22200277,15197247,37397524
1000007,202512,7746383,2653562,7079343,17479288,12292175,9414021,21706196,39185484,9985871,13282054,23267925,15917559,39185484
1000008,202112,11659047,1491674,11874694,25025415,14016645,7533667,21550312,46575727,9077715,14866704,23944419,22631308,46575727
1000008,202212,17930405,3433080,9121614,30485099,10827931,8700251,19528182,50013281,10794624,15643987,26438611,23574670,50013281
1000008,202312,14719062,2859062,17063999,34642123,10501597,8530962,19032559,53674682,12795678,15834291,28629969,25044713,53674682
1000008,202412,13661462,2677060,15373563,31712085,14953892,10387881,25341773,57053858,12632933,17552702,30185635,26868223,57053858
1000008,202512,16423491,5627475,17052937,39103903,11462594,10295602,21758196,60862099,13364348,17676206,31040554,29821545,60862099
1000009,202112,14669488,1406879,9546994,25623361,16316616,7550488,23867104,49490465,7026376,22528708,29555084,19935381,49490465
1000009,202212,11303927,1466029,12606331,25376287,17983626,8094973,26078599,51454886,6902386,24897584,31799970,19654916,51454886
1000009,202312,12543592,2635391,11543523,26722506,18922873,8246437,27169310,53891816,6980122,25979605,32959727,20932089,53891816
1000009,202412,15333265,4438538,12278571,32050374,14921920,10509746,25431666,57482040,7565542,28540724,36106266,21375774,57482040
1000009,202512,12976359,3752589,13135806,29864754,20949298,9167075,30116373,59981127,8691936,27160487,35852423,24128704,59981127
1000010,202112,15182851,4009122,14310945,33502918,20103448,17603129,37706577,71209495,12787946,24157661,36945607,34263888,71209495
1000010,202212,17522908,4678774,13208902,35410584,28191331,14622182,42813513,78224097,14942691,26339518,41282209,36941888,78224097
1000010,202312,20398861,3835104,14906161,39140126,24974178,21470017,46444195,85584321,16289374,30894800,47184174,38400147,85584321
1000010,202412,19935543,4823343,18959723,43718609,32271264,17935671,50206935,93925544,16961369,33828512,50789881,43135663,93925544
1000010,202512,27881934,3116288,16393210,47391432,28249937,25892909,54142846,101534278,16234959,35509057,51744016,49790262,101534278
1000011,202112,25371787,5562955,14127003,45061745,24195252,10485048,34680300,79742045,14753273,23250428,38003701,41738344,79742045
1000011,202212,20287836,2906809,26107275,49301920,22986202,11453960,34440162,83742082,17101963,24985121,42087084,41654998,83742082
1000011,202312,20292178,7741923,21372065,49406166,24936931,14614954,39551885,88958051,17577322,27940788,45518110,43439941,88958051
1000011,202412,26793318,5506638,18562772,50862728,27337928,13851138,41189066,92051794,18467103,27364721,45831824,46219970,92051794
1000011,202512,28899646,6732992,19190740,54823378,22913656,19199954,42113610,96936988,18483261,27222886,45706147,51230841,96936988
1000012,202112,9220939,2097778,8244415,19563132,9651631,5380786,15032417,34595549,9496114,17156462,26652576,7942973,34595549
1000012,202212,12432777,2323057,7257680,22013514,10482125,4986216,15468341,37481855,11335469,17443829,28779298,8702557,37481855
1000012,202312,12991660,1720534,8458699,23170893,10857156,5812190,16669346,39840239,10824273,19262758,30087031,9753208,39840239
1000012,202412,16487926,1513794,10304625,28306345,8901285,4905800,13807085,42113430,11117196,20926937,32044133,10069297,42113430
1000012,202512,14534369,3609307,11011934,29155610,9027592,6426399,15453991,44609601,11440367,22060267,33500634,11108967,44609601
1000013,202112,2963084,493312,1823465,5279861,5313700,2893362,8207062,13486923,2371206,2712971,5084177,8402746,13486923
1000013,202212,3974659,610899,2196753,6782311,4944554,3262855,8207409,14989720,2197055,3276766,5473821,9515899,14989720
1000013,202312,3507749,458217,2835876,6801842,5772293,4573371,10345664,17147506,3006711,3181159,6187870,10959636,17147506
1000013,202412,3832632,906923,3198337,7937892,6099574,5213869,11313443,19251335,3231344,4026345,7257689,11993646,19251335
1000013,202512,4460930,752927,3159280,8373137,8151027,5259471,13410498,21783635,3164336,4137878,7302214,14481421,21783635
1000014,202112,18340180,1943231,15672078,35955489,17497280,9851027,27348307,63303796,10269162,25348547,35617709,27686087,63303796
1000014,202212,20346489,4436101,10400619,35183209,20928856,14262373,35191229,70374438,11876353,28520975,40397328,29977110,70374438
1000014,202312,17907686,4339443,20491222,42738351,24034645,10517088,34551733,77290084,13171294,31116007,44287301,33002783,77290084
1000014,202412,26869778,4516064,17336693,48722535,18840159,18043678,36883837,85606372,16083142,31232854,47315996,38290376,85606372
1000014,202512,21833628,7230497,24649771,53713896,23901600,17403798,41305398,95019294,18290714,35053300,53344014,41675280,95019294
1000015,202112,23659078,6193167,24584874,54437119,28080944,16686461,44767405,99204524,21473229,42638740,64111969,35092555,99204524
1000015,202212,26786702,5377715,22196714,54361131,25863961,18591052,44455013,98816144,22000487,40668804,62669291,36146853,98816144
1000015,202312,30554552,6435657,17940520,54930729,25098358,22131675,47230033,102160762,23776294,41403078,65179372,36981390,102160762
1000015,202412,33622567,3964852,18901157,56488576,30374358,17714027,48088385,104576961,22022096,46225964,68248060,36328901,104576961
1000015,202512,23737353,9601686,22682369,56021408,29200533,22105749,51306282,107327690,23730806,45387407,69118213,38209477,107327690
1000016,202112,19256911,2935260,21311240,43503411,21687372,13284497,34971869,78475280,17386502,44082880,61469382,17005898,78475280
1000016,202212,31361277,5503723,16093081,52958081,20285519,15564689,35850208,88808289,17693380,51525381,69218761,19589528,88808289
1000016,202312,24557913,8591639,24091017,57240569,24539485,19351235,43890720,101131289,20907872,58022066,78929938,22201351,101131289
1000016,202412,31955375,4791905,29323401,66070681,35146112,15857760,51003872,117074553,23092401,67726884,90819285,26255268,117074553
1000016,202512,38265988,9928320,28207457,76401765,34808446,24098971,58907417,135309182,28853535,75921156,104774691,30534491,135309182
1000017,202112,22708344,2087698,17171587,41967629,15360841,13001118,28361959,70329588,18615434,20919157,39534591,30794997,70329588
1000017,202212,26167962,4514591,18292496,48975049,16501912,9608412,26110324,75085373,19956316,24667523,44623839,30461534,75085373
1000017,202312,28677975,4684674,23329246,56691895,14057484,7902614,21960098,78651993,19776542,26109253,45885795,32766198,78651993
1000017,202412,28859810,3249139,21546785,53655734,16880482,12298757,29179239,82834973,22363125,25659485,48022610,34812363,82834973
1000017,202512,24077949,4307198,28317589,56702736,17513584,14032085,31545669,88248405,24144072,28723642,52867714,35380691,88248405
1000018,202112,13987237,3086862,8305184,25379283,5764301,3306701,9071002,34450285,2853848,10494365,13348213,21102072,34450285
1000018,202212,11353312,1696540,9753472,22803324,6699688,6345674,13045362,35848686,3435225,11765226,15200451,20648235,35848686
1000018,202312,13245849,3974399,9917736,27137984,6617034,3706915,10323949,37461933,3566524,11482874,15049398,22412535,37461933
1000018,202412,14188262,2209095,9590721,25988078,7262935,5594980,12857915,38845993,3616287,12108959,15725246,23120747,38845993
1000018,202512,15969716,2849684,11071974,29891374,5673251,5402289,11075540,40966914,3859796,12741387,16601183,24365731,40966914
1000019,202112,20291908,5493177,15130756,40915841,19423721,9385383,28809104,69724945,25395920,23002802,48398722,21326223,69724945
1000019,202212,21853475,4848192,18447152,45148819,20881393,10170494,31051887,76200706,26928369,24756517,51684886,24515820,76200706
1000019,202312,21075940,5329611,19344110,45749661,23347613,15718997,39066610,84816271,28137228,28799959,56937187,27879084,84816271
1000019,202412,30744899,2230995,19843877,52819771,25230635,14088688,39319323,92139094,33150594,30039595,63190189,28948905,92139094
1000019,202512,30187781,6895632,16384183,53467596,29179869,17507345,46687214,100154810,36175059,33107934,69282993,30871817,100154810
1000020,202112,15158606,3013776,13369266,31541648,19778295,18768547,38546842,70088490,17496368,29736316,47232684,22855806,70088490
1000020,202212,14552789,5242198,14763493,34558480,26013165,18166401,44179566,78738046,20318007,31383408,51701415,27036631,78738046
1000020,202312,18725079,2962000,18741326,40428405,26948998,23422077,50371075,90799480,24290684,37002487,61293171,29506309,90799480
1000020,202412,20384444,4921746,15033240,40339430,35770811,27826291,63597102,103936532,26469088,41853860,68322948,35613584,103936532
1000020,202512,18854148,7133308,20197756,46185212,36516207,34647194,71163401,117348613,31824701,45825315,77650016,39698597,117348613
1000021,202112,26140976,2522517,15448156,44111649,21252828,16882291,38135119,82246768,14014520,28850002,42864522,39382246,82246768
1000021,202212,21317779,7438840,18955171,47711790,24706497,19916570,44623067,92334857,15283029,30257596,45540625,46794232,92334857
1000021,202312,30265935,4384077,23318260,57968272,29246102,18952313,48198415,106166687,15145009,38074620,53219629,52947058,106166687
1000021,202412,31337342,8465914,23838178,63641434,37327781,21778328,59106109,122747543,20985863,42460220,63446083,59301460,122747543
1000021,202512,35200193,4612581,32335420,72148194,46569095,21948729,68517824,140666018,21640758,51520830,73161588,67504430,140666018
1000022,202112,11996870,3001902,9028512,24027284,10307471,9471712,19779183,43806467,7726665,18506652,26233317,17573150,43806467
1000022,202212,14069629,1087436,9506511,24663576,11584103,8878844,20462947,45126523,7807265,19961373,27768638,17357885,45126523
1000022,202312,13839891,3678834,11960134,29478859,10310550,6680341,16990891,46469750,8510586,20734661,29245247,17224503,46469750
1000022,202412,13656548,3216683,11732815,28606046,12363848,6876327,19240175,47846221,7519053,21925982,29445035,18401186,47846221
1000022,202512,13929367,3843202,11966687,29739256,13230235,6265526,19495761,49235017,8243234,22838972,31082206,18152811,49235017
1000023,202112,35111721,3897479,20589169,59598369,17433078,11413374,28846452,88444821,17320905,49859786,67180691,21264130,88444821
1000023,202212,33313396,7574280,23154117,64041793,20250353,13983768,34234121,98275914,17906738,56834994,74741732,23534182,98275914
1000023,202312,44215045,6116770,26472821,76804636,18157858,16241959,34399817,111204453,22706828,62201359,84908187,26296266,111204453
1000023,202412,32873996,4002697,35816675,72693368,29367178,22844558,52211736,124905104,24129754,69376164,93505918,31399186,124905104
1000023,202512,40353024,9936644,33884283,84173951,33222519,20589951,53812470,137986421,26124209,77175831,103300040,34686381,137986421
1000024,202112,3895850,1130883,3625276,8652009,5469119,3722753,9191872,17843881,3156583,10281004,13437587,4406294,17843881
1000024,202212,4560376,949604,3314804,8824784,6387004,3825856,10212860,19037644,3652521,10950433,14602954,4434690,19037644
1000024,202312,6023358,1334327,3452743,10810428,5069897,4564059,9633956,20444384,4080705,11756127,15836832,4607552,20444384
1000024,202412,5099744,1633084,4770599,11503427,6154261,3789184,9943445,21446872,4014477,12474342,16488819,4958053,21446872
1000024,202512,6916579,1302538,4059976,12279093,6295925,4281978,10577903,22856996,3871554,13443979,17315533,5541463,22856996
1000025,202112,18458332,4788961,18677922,41925215,17369801,9249617,26619418,68544633,12574225,16299765,28873990,39670643,68544633
1000025,202212,21606799,6971475,17615863,46194137,15341536,11489974,26831510,73025647,13186749,15159361,28346110,44679537,73025647
1000025,202312,26236209,5563037,19623841,51423087,13933604,12565105,26498709,77921796,13348759,17184324,30533083,47388713,77921796
1000025,202412,28481463,3963099,18995843,51440405,19423660,14158024,33581684,85022089,17060470,17907263,34967733,50054356,85022089
1000025,202512,23259715,6257438,24922465,54439618,21850248,14878190,36728438,91168056,16989190,19156130,36145320,55022736,91168056
1000026,202112,25719078,3834470,18146811,47700359,28313680,21512867,49826547,97526906,34279583,38318622,72598205,24928701,97526906
1000026,202212,22742621,3254851,22664189,48661661,36229373,18532311,54761684,103423345,34901301,43818325,78719626,24703719,103423345
1000026,202312,26546483,4823287,20899770,52269540,32427100,25858238,58285338,110554878,40461877,42073061,82534938,28019940,110554878
1000026,202412,23826304,6853030,20613136,51292470,40693125,26829994,67523119,118815589,40338881,49630030,89968911,28846678,118815589
1000026,202512,23514228,3267547,26289862,53071637,47906379,26574868,74481247,127552884,41853948,55098543,96952491,30600393,127552884
1000027,202112,18175497,3401170,20784986,42361653,15279640,14447859,29727499,72089152,18834969,31012484,49847453,22241699,72089152
1000027,202212,22235606,3887743,16247009,42370358,23986863,11703879,35690742,78061100,20614632,33228681,53843313,24217787,78061100
1000027,202312,24763207,3103345,20878467,48745019,19362748,17349036,36711784,85456803,23642981,34559566,58202547,27254256,85456803
1000027,202412,28052706,4696782,15673603,48423091,25574175,19151503,44725678,93148769,22769489,40248936,63018425,30130344,93148769
1000027,202512,26055512,6467134,22940218,55462864,29640396,17429906,47070302,102533166,26918013,43047926,69965939,32567227,102533166
1000028,202112,12678334,3690825,10197931,26567090,11698761,5414130,17112891,43679981,4845067,17263793,22108860,21571121,43679981
1000028,202212,15831756,3651567,10283141,29766464,11591133,8154293,19745426,49511890,6160461,19108649,25269110,24242780,49511890
1000028,202312,19312378,3387480,9609262,32309120,12933448,11312466,24245914,56555034,6731793,21933782,28665575,27889459,56555034
1000028,202412,22645501,2936392,16625946,42207839,12484617,9638606,22123223,64331062,6603191,24471889,31075080,33255982,64331062
1000028,202512,22711725,4817157,22034562,49563444,14371153,9080716,23451869,73015313,7335011,28508777,35843788,37171525,73015313
1000029,202112,18380715,4838982,13621478,36841175,12561773,9077659,21639432,58480607,13636616,30835906,44472522,14008085,58480607
1000029,202212,20010333,4804863,18549210,43364406,14509205,6555711,21064916,64429322,14115859,36087261,50203120,14226202,64429322
1000029,202312,23836097,2399027,17584582,43819706,15633366,11474893,27108259,70927965,14805118,39393168,54198286,16729679,70927965
1000029,202412,27023098,4094579,14412195,45529872,19652929,12684649,32337578,77867450,16837225,42754140,59591365,18276085,77867450
1000029,202512,31170614,5261361,17149888,53581863,16740050,16287292,33027342,86609205,18007423,48451421,66458844,20150361,86609205
1000030,202112,20353147,4826031,13467115,38646293,25491652,14818181,40309833,78956126,12278714,36139937,48418651,30537475,78956126
1000030,202212,16709043,2849311,20877624,40435978,27521431,13865792,41387223,81823201,14993377,34900741,49894118,31929083,81823201
1000030,202312,20653445,2907387,17443196,41004028,28866545,14012778,42879323,83883351,13552655,35886144,49438799,34444552,83883351
1000030,202412,26957853,6296160,15817025,49071038,23929491,14809017,38738508,87809546,14964537,39033404,53997941,33811605,87809546
1000030,202512,25590808,2992257,19450344,48033409,29611726,12901290,42513016,90546425,14912481,40857450,55769931,34776494,90546425
1000031,202112,13872514,3208017,14659676,31740207,21801482,18130859,39932341,71672548,12051832,17194520,29246352,42426196,71672548
1000031,202212,21491739,3743547,11903231,37138517,20900026,14129748,35029774,72168291,13993327,17046439,31039766,41128525,72168291
1000031,202312,15208369,2280837,15679276,33168482,24597386,16874579,41471965,74640447,14003159,18498929,32502088,42138359,74640447
1000031,202412,23581347,3372312,12551401,39505060,18630216,18505013,37135229,76640289,13084811,18210096,31294907,45345382,76640289
1000031,202512,15227260,2611010,18918710,36756980,21666476,18750401,40416877,77173857,12641593,19417163,32058756,45115101,77173857
1000032,202112,23043270,5275771,13615378,41934419,29915982,12939747,42855729,84790148,14437766,28411849,42849615,41940533,84790148
1000032,202212,22532165,6356213,16788959,45677337,28150816,18575740,46726556,92403893,12980049,32029865,45009914,47393979,92403893
1000032,202312,24509068,4565575,16847566,45922209,38078292,17194727,55273019,101195228,15305545,37288786,52594331,48600897,101195228
1000032,202412,21308544,3818360,27574117,52701021,31932561,25818755,57751316,110452337,16599852,37410824,54010676,56441661,110452337
1000032,202512,24461670,6217698,27456355,58135723,40811929,20589467,61401396,119537119,17623395,44312166,61935561,57601558,119537119
1000033,202112,6780903,1485610,4735957,13002470,3934872,2925308,6860180,19862650,4809882,8740620,13550502,6312148,19862650
1000033,202212,7346446,861748,5869286,14077480,2985811,2840622,5826433,19903913,4539497,8627635,13167132,6736781,19903913
1000033,202312,8154622,1356461,5139492,14650575,3456486,2577096,6033582,20684157,4515004,9227484,13742488,6941669,20684157
1000033,202412,6480190,1959211,5722182,14161583,4963670,2185917,7149587,21311170,5137808,9020424,14158232,7152938,21311170
1000033,202512,8780132,1405655,4685227,14871014,4323564,2917876,7241440,22112454,5798664,9334002,15132666,6979788,22112454
1000034,202112,13826368,4664840,15549122,34040330,19863342,15100832,34964174,69004504,12888696,41856223,54744919,14259585,69004504
1000034,202212,17987027,5233867,14011283,37232177,22629967,12712680,35342647,72574824,16167325,41211590,57378915,15195909,72574824
1000034,202312,19713793,1502017,13395822,34611632,24249731,17886483,42136214,76747846,16832016,44555780,61387796,15360050,76747846
1000034,202412,16269647,1991263,15896710,34157620,26666286,18667884,45334170,79491790,15940215,47493247,63433462,16058328,79491790
1000034,202512,17946422,3201692,17658175,38806289,24352664,19012703,43365367,82171656,17097091,47297881,64394972,17776684,82171656
1000035,202112,24127963,2918063,13548976,40595002,12132260,6513641,18645901,59240903,12809245,26501068,39310313,19930590,59240903
1000035,202212,23722812,5547926,17593340,46864078,12497291,7605374,20102665,66966743,15821353,29271313,45092666,21874077,66966743
1000035,202312,26849254,4295695,24060792,55205741,14125177,8145413,22270590,77476331,15717579,34833681,50551260,26925071,77476331
1000035,202412,25172317,3851141,32638273,61661731,15886460,11516834,27403294,89065025,20069601,39148471,59218072,29846953,89065025
1000035,202512,36453893,6218572,28672097,71344562,17094175,12825988,29920163,101264725,19361469,46195469,65556938,35707787,101264725
1000036,202112,21178302,3013477,20968896,45160675,11308494,5079070,16387564,61548239,9024365,30396758,39421123,22127116,61548239
1000036,202212,24599763,4178257,25085140,53863160,8997058,8098803,17095861,70959021,10246820,35575381,45822201,25136820,70959021
1000036,202312,24094551,8940938,25938845,58974334,12205314,8365701,20571015,79545349,10805007,40541678,51346685,28198664,79545349
1000036,202412,32558961,5175735,25442511,63177207,16345316,11854994,28200310,91377517,12928289,43545408,56473697,34903820,91377517
1000036,202512,30584100,9727755,25768997,66080852,21008486,15496543,36505029,102585881,13728850,52871989,66600839,35985042,102585881
1000037,202112,2629460,645926,3243860,6519246,3423987,3297473,6721460,13240706,1497522,4782058,6279580,6961126,13240706
1000037,202212,3842649,406294,2682585,6931528,3621912,3138917,6760829,13692357,1506596,4403965,5910561,7781796,13692357
1000037,202312,3668212,364028,3038724,7070964,4120747,3179470,7300217,14371181,1653228,5218357,6871585,7499596,14371181
1000037,202412,2996820,822510,3216421,7035751,4455293,3372587,7827880,14863631,1554738,4872321,6427059,8436572,14863631
1000037,202512,3149953,815662,3584996,7550611,5473080,2416436,7889516,15440127,1569587,5140419,6710006,8730121,15440127
1000038,202112,22963279,6299132,18708670,47971081,28850108,16345748,45195856,93166937,15824594,46742833,62567427,30599510,93166937
1000038,202212,20485365,5675766,21973725,48134856,32271479,20854537,53126016,101260872,15557422,49807191,65364613,35896259,101260872
1000038,202312,26985512,2781245,20050979,49817736,39498623,19967181,59465804,109283540,17223253,53262305,70485558,38797982,109283540
1000038,202412,29470008,6041899,18142386,53654293,38116147,27366807,65482954,119137247,19261446,58815566,78077012,41060235,119137247
1000038,202512,37690655,6889803,19678816,64259274,34523831,28388267,62912098,127171372,19486228,66142648,85628876,41542496,127171372
1000039,202112,4095151,835690,1965808,6896649,2832016,1985201,4817217,11713866,5062670,4163787,9226457,2487409,11713866
1000039,202212,4300899,861845,3364805,8527549,3079606,1406668,4486274,13013823,5193235,4947851,10141086,2872737,13013823
1000039,202312,4262287,512647,3685071,8460005,4050611,2365216,6415827,14875832,5763366,5964716,11728082,3147750,14875832
1000039,202412,4874228,1291257,4378517,10544002,4004109,2125241,6129350,16673352,6890535,6353112,13243647,3429705,16673352
1000039,202512,5098838,776086,5229320,11104244,4692958,3182571,7875529,18979773,8193920,6846300,15040220,3939553,18979773
1000040,202112,4635520,1284720,3115578,9035818,2932034,1605232,4537266,13573084,1145553,4450076,5595629,7977455,13573084
1000040,202212,4314883,478727,3469205,8262815,3498102,2488727,5986829,14249644,1374813,4927261,6302074,7947570,14249644
1000040,202312,5108973,916354,3039247,9064574,3120635,2921047,6041682,15106256,1309015,4851446,6160461,8945795,15106256
1000040,202412,5750961,955963,3557534,10264458,3074833,2492470,5567303,15831761,1311078,5151631,6462709,9369052,15831761
1000040,202512,6684400,518468,4015389,11218257,2791992,2339248,5131240,16349497,1390507,5827588,7218095,9131402,16349497
1000041,202112,10826368,2249416,9773217,22849001,14361736,8925269,23287005,46136006,5592764,9769380,15362144,30773862,46136006
1000041,202212,9687027,3608515,9714937,23010479,16007161,10479451,26486612,49497091,6339451,10635445,16974896,32522195,49497091
1000041,202312,14057529,4809030,11378859,30245418,14207604,9712147,23919751,54165169,7584613,13338502,20923115,33242054,54165169
1000041,202412,16603182,2245766,14368042,33216990,14361221,11611756,25972977,59189967,6876121,12235296,19111417,40078550,59189967
1000041,202512,14999387,3706705,13065825,31771917,22420867,10254770,32675637,64447554,7479592,15450968,22930560,41516994,64447554
1000042,202112,5857081,747090,4156965,10761136,4974225,2228461,7202686,17963822,3087577,9316982,12404559,5559263,17963822
1000042,202212,5309422,781783,6726716,12817921,5306925,2348447,7655372,20473293,3228072,10410067,13638139,6835154,20473293
1000042,202312,6918457,1422763,5121798,13463018,5300802,4362420,9663222,23126240,3586011,12133974,15719985,7406255,23126240
1000042,202412,8108150,1042418,7624155,16774723,5434994,4251917,9686911,26461634,4187041,14101323,18288364,8173270,26461634
1000042,202512,8742235,1283584,6042085,16067904,8708477,5063957,13772434,29840338,4549852,15431029,19980881,9859457,29840338
1000043,202112,2366445,689662,2828776,5884883,6104624,3771384,9876008,15760891,2382651,7962287,10344938,5415953,15760891
1000043,202212,3801680,418716,2404307,6624703,7517621,3598249,11115870,17740573,2867549,8287067,11154616,6585957,17740573
1000043,202312,3902291,568388,3501597,7972276,6550881,5333942,11884823,19857099,3197033,9737178,12934211,6922888,19857099
1000043,202412,4013874,1331586,4273495,9618955,8570067,4147733,12717800,22336755,3927714,10433588,14361302,7975453,22336755
1000043,202512,4655148,1428425,3737558,9821131,10457032,4978111,15435143,25256274,4191195,11841700,16032895,9223379,25256274
1000044,202112,5838247,706821,4531159,11076227,6034728,3024826,9059554,20135781,1498080,5618510,7116590,13019191,20135781
1000044,202212,4836372,1347756,5368011,11552139,6953415,3161926,10115341,21667480,1560878,6260467,7821345,13846135,21667480
1000044,202312,5933591,1694314,4654890,12282795,7215125,4558745,11773870,24056665,1693962,6976815,8670777,15385888,24056665
1000044,202412,6487278,1320692,6604780,14412750,6011583,5849546,11861129,26273879,2079424,7361195,9440619,16833260,26273879
1000044,202512,8387974,895227,5746214,15029415,8899087,5016606,13915693,28945108,2211636,8835669,11047305,17897803,28945108
1000045,202112,20050749,3931192,9599261,33581202,16713771,9374481,26088252,59669454,8706289,37378312,46084601,13584853,59669454
1000045,202212,18394848,3272362,10119251,31786461,21046869,12966629,34013498,65799959,11300272,39390524,50690796,15109163,65799959
1000045,202312,21764904,2587228,14589609,38941741,22059643,12618293,34677936,73619677,11360478,46876045,58236523,15383154,73619677
1000045,202412,25154083,2392924,16380006,43927013,20807022,17486428,38293450,82220463,11988214,52968363,64956577,17263886,82220463
1000045,202512,26148841,6259083,17933601,50341525,22178452,18037061,40215513,90557038,12957074,57410756,70367830,20189208,90557038
1000046,202112,3888093,833754,3364464,8086311,3057538,1967366,5024904,13111215,2719744,4541269,7261013,5850202,13111215
1000046,202212,3826354,407895,3006869,7241118,4507691,1971828,6479519,13720637,3098188,4204789,7302977,6417660,13720637
1000046,202312,4050426,916249,2939086,7905761,4550040,2066473,6616513,14522274,3312658,4293413,7606071,6916203,14522274
1000046,202412,4209972,561967,3744824,8516763,3984834,2821837,6806671,15323434,3425838,4722884,8148722,7174712,15323434
1000046,202512,5136090,523196,3029430,8688716,4739866,3072975,7812841,16501557,3805969,5299873,9105842,7395715,16501557
1000047,202112,19551841,2984341,11604660,34140842,23346937,12762381,36109318,70250160,10837991,36566078,47404069,22846091,70250160
1000047,202212,19121928,3095813,9744319,31962060,21285309,20072427,41357736,73319796,11782203,37970363,49752566,23567230,73319796
1000047,202312,14755198,6393339,15684526,36833063,26828706,11855560,38684266,75517329,12814106,38630411,51444517,24072812,75517329
1000047,202412,16639588,2290992,16139793,35070373,25591703,18260801,43852504,78922877,12293495,42277845,54571340,24351537,78922877
1000047,202512,15452419,3243709,15710887,34407015,27686524,20472275,48158799,82565814,13744651,41994323,55738974,26826840,82565814
1000048,202112,11650332,2186000,9225862,23062194,11283377,8284384,19567761,42629955,5999571,8257368,14256939,28373016,42629955
1000048,202212,12084982,2677456,9178350,23940788,14844998,8099371,22944369,46885157,5711356,10224656,15936012,30949145,46885157
1000048,202312,14553269,2802027,8475577,25830873,13528264,11169079,24697343,50528216,7467322,11052547,18519869,32008347,50528216
1000048,202412,15624853,3053211,8830703,27508767,19316462,8933395,28249857,55758624,8815271,11887039,20702310,35056314,55758624
1000048,202512,11547569,2925247,12860938,27333754,16928191,15481982,32410173,59743927,9220653,13538467,22759120,36984807,59743927
1000049,202112,8300247,3373248,8455670,20129165,11231315,5922525,17153840,37283005,6343806,9375151,15718957,21564048,37283005
1000049,202212,15195206,3156336,7547386,25898928,7260017,7204557,14464574,40363502,6939859,10364859,17304718,23058784,40363502
1000049,202312,10537796,2268658,11316528,24122982,10576167,9058307,19634474,43757456,5984010,10922654,16906664,26850792,43757456
1000049,202412,14980146,3677938,9076820,27734904,9932299,9139047,19071346,46806250,6788101,11979159,18767260,28038990,46806250
1000049,202512,13719195,2772540,15760078,32251813,9766025,9468988,19235013,51486826,7745948,12720988,20466936,31019890,51486826
1000050,202112,20981550,7971012,23201332,52153894,21219894,11170905,32390799,84544693,10584112,27099932,37684044,46860649,84544693
1000050,202212,23928418,6428128,28566243,58922789,19622701,17479844,37102545,96025334,12712634,31110228,43822862,52202472,96025334
1000050,202312,40534742,8415705,22384602,71335049,20955652,14250108,35205760,106540809,12598365,34744190,47342555,59198254,106540809
1000050,202412,37248846,4691393,39913922,81854161,26985827,11868819,38854646,120708807,13988888,41400122,55389010,65319797,120708807
1000050,202512,36177960,7809511,32310513,76297984,36733958,21391549,58125507,134423491,18022236,45531391,63553627,70869864,134423491
1000051,202112,14815023,1779122,9873088,26467233,19175869,15553961,34729830,61197063,15698534,15177424,30875958,30321105,61197063
1000051,202212,13044414,4312039,11872176,29228629,19241870,14849574,34091444,63320073,15637085,15241404,30878489,32441584,63320073
1000051,202312,16880382,3929066,14720238,35529686,21038391,10765341,31803732,67333418,16993190,17025982,34019172,33314246,67333418
1000051,202412,18372338,2052592,11443511,31868441,25434731,12932873,38367604,70236045,16180896,18425863,34606759,35629286,70236045
1000051,202512,20028763,2883550,13717587,36629900,21165198,17157728,38322926,74952826,19113034,17923202,37036236,37916590,74952826
1000052,202112,12342241,2550717,7716557,22609515,6356278,6054040,12410318,35019833,9806835,17799829,27606664,7413169,35019833
1000052,202212,9950795,3697638,9604312,23252745,9268560,4272558,13541118,36793863,11578678,17783254,29361932,7431931,36793863
1000052,202312,12794745,2108733,9769894,24673372,8410838,4853237,13264075,37937447,10459638,19884418,30344056,7593391,37937447
1000052,202412,15627646,2968157,7543012,26138815,8311381,5549025,13860406,39999221,10744052,20874189,31618241,8380980,39999221
1000052,202512,13955474,3609735,10997617,28562826,7730724,5409372,13140096,41702922,11683332,21754750,33438082,8264840,41702922
1000053,202112,6068768,991257,3722709,10782734,6835690,3162424,9998114,20780848,3733722,6868857,10602579,10178269,20780848
1000053,202212,6885241,1315513,3566273,11767027,6950225,4360152,11310377,23077404,4102802,8042476,12145278,10932126,23077404
1000053,202312,8070844,1509552,4408686,13989082,6053462,5893878,11947340,25936422,4483245,8525287,13008532,12927890,25936422
1000053,202412,7289764,1954850,4688030,13932644,9875698,4857106,14732804,28665448,4849915,9057286,13907201,14758247,28665448
1000053,202512,9330534,1567039,5777551,16675124,10130139,5494638,15624777,32299901,4987727,11380884,16368611,15931290,32299901
1000054,202112,17991446,2743094,10091950,30826490,16823501,8143121,24966622,55793112,9705439,27940574,37646013,18147099,55793112
1000054,202212,16331768,2496305,15111300,33939373,17600260,10628981,28229241,62168614,12308635,28925270,41233905,20934709,62168614
1000054,202312,20504457,1651459,13801536,35957452,21768852,10698410,32467262,68424714,12629930,33719977,46349907,22074807,68424714
1000054,202412,18072306,4976413,18098410,41147129,18209852,17351437,35561289,76708418,14392835,35794408,50187243,26521175,76708418
1000054,202512,16541110,4295676,19987589,40824375,26684678,18487518,45172196,85996571,15147994,43755278,58903272,27093299,85996571
1000055,202112,22213380,4390039,10419603,37023022,20961779,11521484,32483263,69506285,8300885,21892083,30192968,39313317,69506285
1000055,202212,26013622,2402615,16682792,45099029,20347723,10373687,30721410,75820439,9585312,23817108,33402420,42418019,75820439
1000055,202312,20274545,6092368,18094226,44461139,24478324,14562144,39040468,83501607,9893912,23646918,33540830,49960777,83501607
1000055,202412,27013926,5974707,14171819,47160452,26183799,17826022,44009821,91170273,10240692,27476459,37717151,53453122,91170273
1000055,202512,21844245,4688510,27906787,54439542,24862637,22373597,47236234,101675776,11969508,31896687,43866195,57809581,101675776
1000056,202112,10493121,1166880,6433998,18093999,7303180,6075975,13379155,31473154,3230650,9248311,12478961,18994193,31473154
1000056,202212,9543342,1221480,8565346,19330168,8256588,5043803,13300391,32630559,2884658,9303199,12187857,20442702,32630559
1000056,202312,10753352,2011772,8550814,21315938,7971236,4838884,12810120,34126058,3487322,9512261,12999583,21126475,34126058
1000056,202412,12978728,2528707,6310038,21817473,8310934,5712849,14023783,35841256,3795674,10112911,13908585,21932671,35841256
1000056,202512,9004946,2906011,7854576,19765533,10861844,6503365,17365209,37130742,3575202,10337507,13912709,23218033,37130742
1000057,202112,19363397,4467429,14471766,38302592,17396654,12850219,30246873,68549465,18163124,29341122,47504246,21045219,68549465
1000057,202212,21776620,3707847,21915096,47399563,17350670,8897180,26247850,73647413,19620185,30997181,50617366,23030047,73647413
1000057,202312,20090113,2392015,21383999,43866127,23472003,11720616,35192619,79058746,24322941,29258171,53581112,25477634,79058746
1000057,202412,28358935,5954350,19272401,53585686,20637492,10460287,31097779,84683465,23664017,33780662,57444679,27238786,84683465
1000057,202512,36493741,6158977,18955639,61608357,16454087,15455735,31909822,93518179,24761277,38496486,63257763,30260416,93518179
1000058,202112,22498783,3486948,11636643,37622374,16244475,7563822,23808297,61430671,8723097,18440722,27163819,34266852,61430671
1000058,202212,22019359,5939696,17117307,45076362,11694840,7849536,19544376,64620738,9416273,18755006,28171279,36449459,64620738
1000058,202312,24383362,4124397,13900429,42408188,12704782,12008782,24713564,67121752,10635340,19584147,30219487,36902265,67121752
1000058,202412,26119988,3991088,16408239,46519315,14829766,8163753,22993519,69512834,11999268,19769824,31769092,37743742,69512834
1000058,202512,25674806,3626258,14231209,43532273,17318976,12361997,29680973,73213246,11944026,22786175,34730201,38483045,73213246
1000059,202112,27263981,5420995,18804604,51489580,22336935,16356655,38693590,90183170,17311849,28891870,46203719,43979451,90183170
1000059,202212,23907519,6545666,27514749,57967934,23709879,17294974,41004853,98972787,18805835,30120995,48926830,50045957,98972787
1000059,202312,26717859,8924004,28084138,63726001,26571337,15253258,41824595,105550596,19976204,35454403,55430607,50119989,105550596
1000059,202412,33543764,3549825,29225541,66319130,28077690,18865563,46943253,113262383,20552229,35725905,56278134,56984249,113262383
1000059,202512,30825191,9405348,26805978,67036517,33376203,21156891,54533094,121569611,21560677,40208416,61769093,59800518,121569611
1000060,202112,36355064,4227636,20130572,60713272,17892924,17069742,34962666,95675938,21277610,40277893,61555503,34120435,95675938
1000060,202212,36006231,9217639,21659538,66883408,17895873,13883829,31779702,98663110,21617112,42020125,63637237,35025873,98663110
1000060,202312,34040677,5701283,28487736,68229696,17495759,15689458,33185217,101414913,21881406,41602605,63484011,37930902,101414913
1000060,202412,31590811,4401940,30592631,66585382,20593117,16453844,37046961,103632343,21963754,43062547,65026301,38606042,103632343
1000060,202512,32078966,5643483,26462221,64184670,19951209,19492782,39443991,103628661,22884006,44097925,66981931,36646730,103628661
1000061,202112,5087434,1469271,5892638,12449343,3799286,3690097,7489383,19938726,1534052,4614019,6148071,13790655,19938726
1000061,202212,6698871,810414,5912248,13421533,4157882,2388127,6546009,19967542,1540185,4801401,6341586,13625956,19967542
1000061,202312,5561326,1251930,7056078,13869334,4621735,2006256,6627991,20497325,1232385,4413874,5646259,14851066,20497325
1000061,202412,4782212,1967649,5122555,11872416,5634683,3004863,8639546,20511962,1598843,5093043,6691886,13820076,20511962
1000061,202512,6550828,1102750,5766190,13419768,4174438,3457830,7632268,21052036,1764408,5282961,7047369,14004667,21052036
1000062,202112,17035383,4312406,18412485,39760274,12324944,12181076,24506020,64266294,14381394,24262435,38643829,25622465,64266294
1000062,202212,21319792,4130179,15894162,41344133,17540151,7807258,25347409,66691542,16408602,25867288,42275890,24415652,66691542
1000062,202312,16041699,4426742,17713158,38181599,15021593,14139851,29161444,67343043,14372575,27190633,41563208,25779835,67343043
1000062,202412,21298675,4108128,14146327,39553130,14346608,13571378,27917986,67471116,15734270,25936038,41670308,25800808,67471116
1000062,202512,18463614,3374109,19585066,41422789,14405579,12053906,26459485,67882274,14820410,26501835,41322245,26560029,67882274
1000063,202112,9240238,2013625,5242463,16496326,5630164,3185091,8815255,25311581,2924843,9164089,12088932,13222649,25311581
1000063,202212,8468422,1083279,8604980,18156681,4369492,3926786,8296278,26452959,2785892,9812744,12598636,13854323,26452959
1000063,202312,8227728,1815124,7672110,17714962,4792291,4583221,9375512,27090474,2903963,9326023,12229986,14860488,27090474
1000063,202412,9844192,1949512,6227019,18020723,6111904,3648631,9760535,27781258,2927875,9813546,12741421,15039837,27781258
1000063,202512,7976226,1403398,7451394,16831018,7045877,5079538,12125415,28956433,3114370,10486435,13600805,15355628,28956433
1000064,202112,5291357,1040493,2661422,8993272,6374934,2797432,9172366,18165638,1419053,5477756,6896809,11268829,18165638
1000064,202212,3723228,581891,4791350,9096469,5081740,4733420,9815160,18911629,1638417,6186399,7824816,11086813,18911629
1000064,202312,4011800,1421571,4382314,9815685,5337601,4339373,9676974,19492659,1731617,6220907,7952524,11540135,19492659
1000064,202412,5347103,762529,3667422,9777054,7047506,3467401,10514907,20291961,1790148,6379095,8169243,12122718,20291961
1000064,202512,5730292,1133024,3257438,10120754,7038962,3737304,10776266,20897020,1886333,6473593,8359926,12537094,20897020
1000065,202112,11311358,3795192,11021150,26127700,26391794,17236515,43628309,69756009,17899110,29490340,47389450,22366559,69756009
1000065,202212,17426300,2689947,11795810,31912057,25436806,16678917,42115723,74027780,22503574,28628590,51132164,22895616,74027780
1000065,202312,18687196,3864642,12107662,34659500,28122974,15918157,44041131,78700631,23214157,30299468,53513625,25187006,78700631
1000065,202412,13670785,4123144,12938704,30732633,35431795,17621215,53053010,83785643,24319409,33540457,57859866,25925777,83785643
1000065,202512,17322013,5637496,14583203,37542712,33031126,18129046,51160172,88702884,24245841,36326200,60572041,28130843,88702884
1000066,202112,17037567,4011455,14683761,35732783,13034687,8948270,21982957,57715740,10213453,16485060,26698513,31017227,57715740
1000066,202212,18109431,4942515,14924628,37976574,15148364,9228183,24376547,62353121,9793719,18521861,28315580,34037541,62353121
1000066,202312,20085338,6935686,16704844,43725868,13433477,10288846,23722323,67448191,11078416,21808071,32886487,34561704,67448191
1000066,202412,23326386,3856708,20355587,47538681,18914262,8378523,27292785,74831466,11649284,23277393,34926677,39904789,74831466
1000066,202512,21570100,5294729,21589790,48454619,22374484,10901714,33276198,81730817,13470305,25812105,39282410,42448407,81730817
1000067,202112,20979458,5360931,13729226,40069615,27651039,14748586,42399625,82469240,19585397,36230042,55815439,26653801,82469240
1000067,202212,28352587,3219166,15863113,47434866,28316226,15904149,44220375,91655241,18733826,43420352,62154178,29501063,91655241
1000067,202312,27362691,6659955,21329078,55351724,24097219,21127032,45224251,100575975,21928346,47640859,69569205,31006770,100575975
1000067,202412,25745629,5955316,30231428,61932373,26813253,23605642,50418895,112351268,27752159,49142953,76895112,35456156,112351268
1000067,202512,28652005,5703120,33421714,67776839,35994331,19258737,55253068,123029907,27827203,55207167,83034370,39995537,123029907
1000068,202112,10954947,2818967,8116789,21890703,9001103,7924845,16925948,38816651,13615636,16543983,30159619,8657032,38816651
1000068,202212,12763657,3467137,8493499,24724293,9454162,6551769,16005931,40730224,13542092,18199669,31741761,8988463,40730224
1000068,202312,12856028,3125675,9465205,25446908,11178611,5831922,17010533,42457441,13253102,20115013,33368115,9089326,42457441
1000068,202412,12305352,2815787,7740017,22861156,12035606,9973846,22009452,44870608,15704802,19067864,34772666,10097942,44870608
1000068,202512,15550807,2437207,7983475,25971489,14759053,6459910,21218963,47190452,15683550,20542953,36226503,10963949,47190452
1000069,202112,2747415,624886,2907656,6279957,3039945,1795779,4835724,11115681,1585908,6044977,7630885,3484796,11115681
1000069,202212,3285288,363616,3004044,6652948,3392142,1466706,4858848,11511796,1444825,6368644,7813469,3698327,11511796
1000069,202312,3538013,485036,3238265,7261314,2974596,1810013,4784609,12045923,1626407,6451600,8078007,3967916,12045923
1000069,202412,3381329,1031686,2533291,6946306,3692532,2075334,5767866,12714172,1827202,6899254,8726456,3987716,12714172
1000069,202512,3298429,677878,4036704,8013011,2844042,2612194,5456236,13469247,1629330,7236163,8865493,4603754,13469247
1000070,202112,11609256,2509294,9700367,23818917,21652148,17572400,39224548,63043465,14358194,16990853,31349047,31694418,63043465
1000070,202212,12269344,4284251,11264473,27818068,26724338,17540340,44264678,72082746,15570925,17497428,33068353,39014393,72082746
1000070,202312,19130257,1753821,15692196,36576274,27571564,18849213,46420777,82997051,19216500,18900258,38116758,44880293,82997051
1000070,202412,18124840,3196531,12528989,33850360,35605669,23241817,58847486,92697846,24027744,21752049,45779793,46918053,92697846
1000070,202512,23854488,3899887,16712402,44466777,38340351,20455810,58796161,103262938,23868090,26387053,50255143,53007795,103262938
1000071,202112,10949293,1236539,9756324,21942156,12275678,6172126,18447804,40389960,5497374,15695444,21192818,19197142,40389960
1000071,202212,13761711,3499046,8187765,25448522,9718541,5968336,15686877,41135399,4957535,15430477,20388012,20747387,41135399
1000071,202312,14328739,3181567,7937916,25448222,10230838,5550634,15781472,41229694,5287998,15662431,20950429,20279265,41229694
1000071,202412,13313622,2475446,7576657,23365725,9612492,8776700,18389192,41754917,4898318,16307637,21205955,20548962,41754917
1000071,202512,11648400,2025343,10033862,23707605,11584730,7092515,18677245,42384850,5158915,15514322,20673237,21711613,42384850
1000072,202112,20268855,3451843,13256704,36977402,27271480,12572968,39844448,76821850,14720295,30317780,45038075,31783775,76821850
1000072,202212,14171286,4529680,15898364,34599330,27176499,16809863,43986362,78585692,14837650,30934444,45772094,32813598,78585692
1000072,202312,19776361,6333248,15819387,41928996,25608503,12207782,37816285,79745281,16484608,31811918,48296526,31448755,79745281
1000072,202412,19997196,2849554,14418478,37265228,27457033,17733512,45190545,82455773,16422661,33263018,49685679,32770094,82455773
1000072,202512,18864065,3936753,22719883,45520701,23500735,16114516,39615251,85135952,17485992,32845966,50331958,34803994,85135952
1000073,202112,18513728,2361742,13561304,34436774,20148574,14218520,34367094,68803868,12143049,21715494,33858543,34945325,68803868
1000073,202212,15001804,4992365,17133526,37127695,22389958,10339184,32729142,69856837,10686921,20797009,31483930,38372907,69856837
1000073,202312,23227610,3418176,13093862,39739648,18912604,13565231,32477835,72217483,12325835,23126517,35452352,36765131,72217483
1000073,202412,20502613,3231613,16732045,40466271,21337874,11314418,32652292,73118563,11989664,21232724,33222388,39896175,73118563
1000073,202512,20428680,2607978,15128377,38165035,19641964,16797416,36439380,74604415,11686391,22681476,34367867,40236548,74604415
1000074,202112,4867549,1283659,3475125,9626333,5750713,3862328,9613041,19239374,5915920,7294224,13210144,6029230,19239374
1000074,202212,3986267,1311450,4352632,9650349,5863260,5292511,11155771,20806120,6323264,7958395,14281659,6524461,20806120
1000074,202312,7020228,797035,4899379,12716642,6095190,4095884,10191074,22907716,7664866,7475556,15140422,7767294,22907716
1000074,202412,5967382,1573510,4146143,11687035,6972557,5909737,12882294,24569329,8057978,8700727,16758705,7810624,24569329
1000074,202512,7248022,1740965,4670665,13659652,6521834,6026631,12548465,26208117,8467418,8811041,17278459,8929658,26208117
1000075,202112,11311971,1134253,8803184,21249408,8213754,5648487,13862241,35111649,7971480,13819604,21791084,13320565,35111649
1000075,202212,11888317,2552837,6009199,20450353,12705722,6139777,18845499,39295852,9869381,14497309,24366690,14929162,39295852
1000075,202312,14798826,1540047,9694385,26033258,9998207,8321500,18319707,44352965,10678328,17581749,28260077,16092888,44352965
1000075,202412,16679569,2235490,10426504,29341563,10812547,10102439,20914986,50256549,13378602,18918157,32296759,17959790,50256549
1000075,202512,17107922,2616534,10818284,30542740,17105485,8351023,25456508,55999248,12538262,22462535,35000797,20998451,55999248
1000076,202112,13495601,2544551,16952343,32992495,21574622,13303303,34877925,67870420,13979441,18605616,32585057,35285363,67870420
1000076,202212,19575897,3952879,9724568,33253344,21644835,16012644,37657479,70910823,15502409,17862166,33364575,37546248,70910823
1000076,202312,18949442,4939289,16711921,40600652,18198131,13694588,31892719,72493371,15525309,18510724,34036033,38457338,72493371
1000076,202412,19287062,2955165,15981620,38223847,25815810,11710094,37525904,75749751,13134014,20723092,33857106,41892645,75749751
1000076,202512,17800106,4987203,14963345,37750654,20478137,19102915,39581052,77331706,16586248,18664264,35250512,42081194,77331706
1000077,202112,16934886,3001146,19917943,39853975,16537897,13902894,30440791,70294766,13982859,19526408,33509267,36785499,70294766
1000077,202212,19954053,2113302,15901043,37968398,25800660,12763042,38563702,76532100,14344372,19565093,33909465,42622635,76532100
1000077,202312,22642306,4133286,20724293,47499885,18463914,16126340,34590254,82090139,16257455,20506689,36764144,45325995,82090139
1000077,202412,25470957,4564973,21994573,52030503,18342657,17631002,35973659,88004162,16425055,25056319,41481374,46522788,88004162
1000077,202512,22734841,4536088,26464877,53735806,20871417,18755011,39626428,93362234,19070759,23642751,42713510,50648724,93362234
1000078,202112,11248947,2633151,12447758,26329856,18502156,9094973,27597129,53926985,4745861,18225661,22971522,30955463,53926985
1000078,202212,14276320,2139023,11474493,27889836,19388372,9979765,29368137,57257973,5147258,20976623,26123881,31134092,57257973
1000078,202312,12890636,2474009,16251048,31615693,17052203,11542841,28595044,60210737,5717503,22576134,28293637,31917100,60210737
1000078,202412,14593529,4098772,10223599,28915900,18358313,16589259,34947572,63863472,6120591,23245517,29366108,34497364,63863472
1000078,202512,15548012,4143511,11303649,30995172,18306725,17080233,35386958,66382130,5911237,24844691,30755928,35626202,66382130
1000079,202112,16762892,4851678,12966259,34580829,26388019,14593388,40981407,75562236,16012043,20480384,36492427,39069809,75562236
1000079,202212,18902873,3475236,15583967,37962076,24714220,20463911,45178131,83140207,18750589,22917285,41667874,41472333,83140207
1000079,202312,14823629,3358756,18847493,37029878,32776833,20895896,53672729,90702607,20954479,23053064,44007543,46695064,90702607
1000079,202412,21685424,5445790,15332609,42463823,37512840,18320408,55833248,98297071,21204831,25789068,46993899,51303172,98297071
1000079,202512,21482506,6944377,16849293,45276176,42134268,21265081,63399349,108675525,20462044,29564886,50026930,58648595,108675525
1000080,202112,4080833,827038,3154758,8062629,5645060,4467963,10113023,18175652,4415985,8189170,12605155,5570497,18175652
1000080,202212,3872882,407869,3543216,7823967,7304767,4783583,12088350,19912317,4645071,9510492,14155563,5756754,19912317
1000080,202312,5024627,782026,4204301,10010954,7699729,4445202,12144931,22155885,5991687,9569166,15560853,6595032,22155885
1000080,202412,6327811,1092265,3924603,11344679,7736211,5473808,13210019,24554698,5798993,11646180,17445173,7109525,24554698
1000080,202512,7114447,560204,4729053,12403704,8942867,6373367,15316234,27719938,7141891,12683675,19825566,7894372,27719938
1000081,202112,14530740,1988212,11364794,27883746,14206150,6908048,21114198,48997944,12239853,14356864,26596717,22401227,48997944
1000081,202212,11965744,4276026,10503387,26745157,11346674,11111015,22457689,49202846,12705968,14926881,27632849,21569997,49202846
1000081,202312,14633571,3250729,8988662,26872962,15823980,7808581,23632561,50505523,13431121,14710477,28141598,22363925,50505523
1000081,202412,14187950,1777960,13819280,29785190,12827235,8521855,21349090,51134280,11699808,16093830,27793638,23340642,51134280
1000081,202512,19331666,3203747,11626929,34162342,12064321,6667069,18731390,52893732,13940691,15603302,29543993,23349739,52893732
1000082,202112,16203103,3765393,11814060,31782556,10511676,8406536,18918212,50700768,10038597,13194207,23232804,27467964,50700768
1000082,202212,16488769,1440171,11935832,29864772,15348494,9250527,24599021,54463793,10272941,14901246,25174187,29289606,54463793
1000082,202312,12325913,2196131,16006588,30528632,13907084,13201888,27108972,57637604,11474958,13769373,25244331,32393273,57637604
1000082,202412,18038249,2832348,11761166,32631763,16589158,12009099,28598257,61230020,11461871,14155412,25617283,35612737,61230020
1000082,202512,19117033,1912493,16601089,37630615,13261085,13159525,26420610,64051225,12353135,17069626,29422761,34628464,64051225
1000083,202112,36501298,4871320,24966549,66339167,15792916,10280994,26073910,92413077,21078217,35972840,57051057,35362020,92413077
1000083,202212,36970066,5495636,25516139,67981841,22228223,12974996,35203219,103185060,23410358,38485801,61896159,41288901,103185060
1000083,202312,45446224,8713874,26860603,81020701,23274559,10365618,33640177,114660878,26298381,45850029,72148410,42512468,114660878
1000083,202412,43724427,8433813,36978406,89136646,19120690,16658543,35779233,124915879,27605666,48561662,76167328,48748551,124915879
1000083,202512,46784504,9303367,38125905,94213776,26149442,19151794,45301236,139515012,28466246,55846040,84312286,55202726,139515012
1000084,202112,22071849,8097661,22935029,53104539,23081151,19657916,42739067,95843606,20674829,39697947,60372776,35470830,95843606
1000084,202212,24599968,8034404,22015821,54650193,36323402,19577834,55901236,110551429,22947414,46332220,69279634,41271795,110551429
1000084,202312,30409191,8811826,24175132,63396149,43619144,19137640,62756784,126152933,26470365,54711928,81182293,44970640,126152933
1000084,202412,37452782,10036097,26580306,74069185,43397887,25922868,69320755,143389940,31846186,60953959,92800145,50589795,143389940
1000084,202512,37360309,11875221,32144666,81380196,44405521,38661000,83066521,164446717,35877288,69118384,104995672,59451045,164446717
1000085,202112,13830624,1819146,10670563,26320333,7738250,5888760,13627010,39947343,4734802,12504383,17239185,22708158,39947343
1000085,202212,12372608,4855444,13268700,30496752,5782889,5098334,10881223,41377975,5462893,12336716,17799609,23578366,41377975
1000085,202312,18024571,1876032,12527712,32428315,7248306,3358688,10606994,43035309,6174490,13579032,19753522,23281787,43035309
1000085,202412,16282908,2735797,10325288,29343993,8752481,6415746,15168227,44512220,6177392,12884400,19061792,25450428,44512220
1000085,202512,18803205,1825890,11643317,32272412,6872149,6738870,13611019,45883431,5705190,13965113,19670303,26213128,45883431
1000086,202112,12616420,3185216,12700145,28501781,15018906,8487587,23506493,52008274,5177673,18315293,23492966,28515308,52008274
1000086,202212,12690944,3159210,15587565,31437719,13443781,8209694,21653475,53091194,4775188,18292935,23068123,30023071,53091194
1000086,202312,15882989,3852938,14992162,34728089,13127699,8162622,21290321,56018410,4705325,19836169,24541494,31476916,56018410
1000086,202412,17138062,2668853,15008308,34815223,14647069,8983406,23630475,58445698,5169682,20219576,25389258,33056440,58445698
1000086,202512,14919904,2182348,17244565,34346817,16516015,9521598,26037613,60384430,5504384,20832315,26336699,34047731,60384430
1000087,202112,10973004,1248943,7957113,20179060,15931810,7350339,23282149,43461209,6051083,20547830,26598913,16862296,43461209
1000087,202212,12845755,1739473,8211230,22796458,13875334,11102321,24977655,47774113,7280685,21060715,28341400,19432713,47774113
1000087,202312,10594155,3664784,9963780,24222719,17597206,10624711,28221917,52444636,7271932,23511409,30783341,21661295,52444636
1000087,202412,14315057,2363967,7873464,24552488,19916435,12633543,32549978,57102466,8998944,25467902,34466846,22635620,57102466
1000087,202512,11294880,3483061,11726739,26504680,21243981,13245307,34489288,60993968,8634284,28046046,36680330,24313638,60993968
1000088,202112,22370379,8218118,23438309,54026806,24097537,13618517,37716054,91742860,17622335,25638611,43260946,48481914,91742860
1000088,202212,31443131,7053968,18626311,57123410,28721784,15209411,43931195,101054605,17825995,29516516,47342511,53712094,101054605
1000088,202312,29461608,5046028,31813116,66320752,26187938,16777588,42965526,109286278,20613162,31304332,51917494,57368784,109286278
1000088,202412,26743227,5247502,28355055,60345784,38595668,18536621,57132289,117478073,22576283,35249683,57825966,59652107,117478073
1000088,202512,39584628,6694873,26973514,73253015,29230747,25710762,54941509,128194524,24585952,39851895,64437847,63756677,128194524
1000089,202112,10257431,2357520,12061094,24676045,6598634,4922891,11521525,36197570,3866261,6874649,10740910,25456660,36197570
1000089,202212,11093923,1988865,11925226,25008014,6637821,5492747,12130568,37138582,4835944,7181776,12017720,25120862,37138582
1000089,202312,13278144,1814178,9543963,24636285,9392637,4397628,13790265,38426550,4529130,6787666,11316796,27109754,38426550
1000089,202412,12280738,4462930,10417279,27160947,7997069,4147845,12144914,39305861,5205776,7417313,12623089,26682772,39305861
1000089,202512,11828662,3305456,12935775,28069893,6609786,5837446,12447232,40517125,3884677,7176879,11061556,29455569,40517125
1000090,202112,15052228,1332038,11321427,27705693,14450606,9643504,24094110,51799803,5940052,24572736,30512788,21287015,51799803
1000090,202212,16092178,3217442,8147461,27457081,16788407,12506211,29294618,56751699,6463105,25696747,32159852,24591847,56751699
1000090,202312,15398726,4334117,15677661,35410504,15899372,11904978,27804350,63214854,8059716,27504366,35564082,27650772,63214854
1000090,202412,14459606,4656296,15926559,35042461,18380072,15044720,33424792,68467253,8101712,30168623,38270335,30196918,68467253
1000090,202512,23311137,4582352,11555149,39448638,17529500,17138316,34667816,74116454,9260464,32612104,41872568,32243886,74116454
1000091,202112,16501688,2794639,9689926,28986253,12446411,11710690,24157101,53143354,21582030,20218131,41800161,11343193,53143354
1000091,202212,16093089,4685334,15318328,36096751,14484226,9764925,24249151,60345902,23488276,23358888,46847164,13498738,60345902
1000091,202312,20470772,3880490,14233170,38584432,21997466,9712120,31709586,70294018,25481942,29023918,54505860,15788158,70294018
1000091,202412,21436752,3956070,18435745,43828567,20059363,15686447,35745810,79574377,31575606,30338022,61913628,17660749,79574377
1000091,202512,30299807,5615487,16291860,52207154,25742075,12108575,37850650,90057804,32212074,38597789,70809863,19247941,90057804
1000092,202112,3274668,590205,3815884,7680757,5721522,4124223,9845745,17526502,2137699,6847249,8984948,8541554,17526502
1000092,202212,4774688,955343,3967821,9697852,4576008,4214076,8790084,18487936,2070263,6790441,8860704,9627232,18487936
1000092,202312,4400223,834843,3097770,8332836,6368162,4503471,10871633,19204469,2135474,7756030,9891504,9312965,19204469
1000092,202412,4045228,604633,5398685,10048546,6732043,3788655,10520698,20569244,2103582,8089784,10193366,10375878,20569244
1000092,202512,5480828,1260573,3507503,10248904,7365122,4057483,11422605,21671509,2285997,8779853,11065850,10605659,21671509
1000093,202112,10698586,1428999,9121565,21249150,13118971,10815898,23934869,45184019,9950287,13372316,23322603,21861416,45184019
1000093,202212,10093777,3489868,10059330,23642975,18042686,8929094,26971780,50614755,10313878,14320213,24634091,25980664,50614755
1000093,202312,13213106,1746697,12835037,27794840,19601178,9340930,28942108,56736948,13375394,15821050,29196444,27540504,56736948
1000093,202412,17878711,3201245,9691337,30771293,16729855,16647558,33377413,64148706,12843246,19323345,32166591,31982115,64148706
1000093,202512,15653249,4702232,11261675,31617156,25831425,15725462,41556887,73174043,16342240,18853301,35195541,37978502,73174043
1000094,202112,15666249,3621056,17071572,36358877,21785435,21023414,42808849,79167726,22622432,32365749,54988181,24179545,79167726
1000094,202212,19198010,3357898,15992534,38548442,26111408,25387897,51499305,90047747,22131737,40860548,62992285,27055462,90047747
1000094,202312,25417458,5567124,13302519,44287101,38282327,18716058,56998385,101285486,25733363,42714401,68447764,32837722,101285486
1000094,202412,23007382,2782017,21683687,47473086,43796383,25224731,69021114,116494200,30850769,47626238,78477007,38017193,116494200
1000094,202512,30809444,8166273,22394126,61369843,46502573,24376477,70879050,132248893,38823438,52767779,91591217,40657676,132248893
1000095,202112,29532346,8593323,20187860,58313529,23283334,11833465,35116799,93430328,26770846,35113744,61884590,31545738,93430328
1000095,202212,27284454,5928950,26764393,59977797,24209543,15441767,39651310,99629107,29622746,35555383,65178129,34450978,99629107
1000095,202312,39011098,6726374,27533737,73271209,23359120,10040923,33400043,106671252,32900623,37140550,70041173,36630079,106671252
1000095,202412,33207048,9279200,38333963,80820211,20953173,13097641,34050814,114871025,31492261,43130775,74623036,40247989,114871025
1000095,202512,39778642,7095232,41350298,88224172,23281305,12778563,36059868,124284040,35183351,45647865,80831216,43452824,124284040
1000096,202112,9035544,1885020,6365342,17285906,7849952,7062598,14912550,32198456,6772073,14941713,21713786,10484670,32198456
1000096,202212,11266530,1616292,6233982,19116804,10025479,5802619,15828098,34944902,7482067,16185079,23667146,11277756,34944902
1000096,202312,12553225,1493773,8882726,22929724,9022685,5428304,14450989,37380713,8787485,15655890,24443375,12937338,37380713
1000096,202412,12193110,2731432,7218237,22142779,9222818,8986730,18209548,40352327,8841503,18508992,27350495,13001832,40352327
1000096,202512,15338573,1307804,10607927,27254304,8930514,8090793,17021307,44275611,9020412,20843175,29863587,14412024,44275611
1000097,202112,24862536,7604565,20620074,53087175,27164520,15897646,43062166,96149341,33765267,40810067,74575334,21574007,96149341
1000097,202212,26843113,7076094,18836229,52755436,33965707,18545848,52511555,105266991,34504032,48211901,82715933,22551058,105266991
1000097,202312,26824672,7897566,26548033,61270271,31055678,24104114,55159792,116430063,37353678,53529511,90883189,25546874,116430063
1000097,202412,35177744,4856231,22784815,62818790,44131231,19569437,63700668,126519458,38267723,61820551,100088274,26431184,126519458
1000097,202512,29463060,5352171,36846708,71661939,34387792,31388805,65776597,137438536,46528077,62250671,108778748,28659788,137438536
1000098,202112,16576044,7019440,17386907,40982391,24605544,11907235,36512779,77495170,25297855,34552807,59850662,17644508,77495170
1000098,202212,24336536,4885978,18190875,47413389,20745360,9895081,30640441,78053830,30191470,30711144,60902614,17151216,78053830
1000098,202312,18892435,4289312,22981672,46163419,18150039,14234357,32384396,78547815,29488841,31429415,60918256,17629559,78547815
1000098,202412,25655722,3620728,17120362,46396812,21052277,12878566,33930843,80327655,27448466,35676894,63125360,17202295,80327655
1000098,202512,19035402,5061203,21402786,45499391,19138223,16864785,36003008,81502399,30959715,33469546,64429261,17073138,81502399
1000099,202112,6157095,1013930,6951376,14122401,5445941,2458888,7904829,22027230,4873396,10031690,14905086,7122144,22027230
1000099,202212,7470780,1629636,5099547,14199963,7035842,3507724,10543566,24743529,5513799,11130380,16644179,8099350,24743529
1000099,202312,7270468,1343819,8330554,16944841,7619870,3562726,11182596,28127437,6584698,12835438,19420136,8707301,28127437
1000099,202412,10343471,1539784,9028781,20912036,6847236,4148239,10995475,31907511,7426156,14278377,21704533,10202978,31907511
1000099,202512,12739099,2630821,7019977,22389897,7156430,6913801,14070231,36460128,8153549,17024118,25177667,11282461,36460128
1000100,202112,18649017,1996758,15934177,36579952,16605523,13337022,29942545,66522497,14539196,34476959,49016155,17506342,66522497
1000100,202212,16583030,4990611,16807696,38381337,19380554,17324932,36705486,75086823,16806689,38574213,55380902,19705921,75086823
1000100,202312,26963435,4933497,16666996,48563928,26107538,12416596,38524134,87088062,17592674,45059468,62652142,24435920,87088062
1000100,202412,29557014,7026840,19525125,56108979,27349695,15046473,42396168,98505147,19690373,51981030,71671403,26833744,98505147
1000100,202512,32254989,5413347,17677534,55345870,35805473,21972607,57778080,113123950,22533990,58347429,80881419,32242531,113123950